1547614203,3674.9,3601.18,null,null,3674.95
1547614209,3674.9,3600.62,null,null,3674.95
1547614215,3673.17607337,3600.62,null,null,3673.15
1547614222,3673.17607337,3600.62,null,null,3673.15
1547614227,3673.17607337,3600.62,null,null,3673.15
1547614233,3673.17607337,3600.62,null,null,3673.15
1547614239,3673.17607337,3600.62,null,null,3673.15
1547614245,3673.17607337,3600.62,null,null,3672.3
1547614250,3672.3,3600.71,null,null,3672.3
1547614256,3672.3,3600.71,null,null,3672.35
1547614262,3672.3,3600.71,null,null,3672.35
1547614268,3672.4,3600.71,null,null,3674.05
1547614273,3672.5,3600.71,null,null,3673.15
1547614279,3672.5,3600.71,null,null,3673.15
1547614285,3672.5,3600.71,null,null,3673.25
1547614291,3672.5,3600.71,null,null,3673.25
1547614297,3672.5,3600.71,null,null,3672.9
1547614303,3672.7,3600.71,null,null,3673.75
1547614309,3672.7,3600.71,null,null,3673.75
1547614314,3672.7,3600.71,null,null,3673.8
1547614320,3672.7,3600.71,null,null,3673.8
1547614326,3672.7,3600.71,null,null,3673.7
1547614332,3672.7,3598.41,null,null,3673.7
1547614338,3672.3,3598.41,null,null,3672.95
1547614344,3672.3,3598.41,null,null,3673.2
1547614350,3672.3,3598.41,null,null,3673.2
1547614355,3672.3,3598.41,null,null,3673.2
1547614361,3672.3,3598.42,null,null,3672.65
1547614367,3672.3,3598.42,null,null,3672.35
1547614372,3672.3,3598.42,null,null,3672.35
1547614378,3672.5,3597.99,null,null,3673.15
1547614384,3672.5,3597.99,null,null,3673.15
1547614390,3672.5,3597.99,null,null,3672.45
1547614396,3672.5,3597.99,null,null,3672.45
1547614401,3672.4,3597.99,null,null,3672.55
1547614407,3672.4,3597.99,null,null,3673.05
1547614414,3672.4,3597.99,null,null,3673.05
1547614420,3672.7,3597.99,null,null,3673.95
1547614425,3672.7,3597.99,null,null,3673.95
1547614431,3674.1,3597.99,null,null,3674.05
1547614438,3674.1,3597.99,null,null,3674.05
1547614444,3674.0,3597.99,null,null,3674.05
1547614450,3674.0,3597.99,null,null,3674.05
1547614456,3674.0,3597.99,null,null,3674.05
1547614462,3674.0,3598.71,null,null,3673.1
1547614468,3674.0,3598.71,null,null,3673.1
1547614474,3672.7,3598.71,null,null,3672.6
1547614480,3672.7,3598.71,null,null,3672.8
1547614486,3672.6,3598.71,null,null,3672.8
1547614491,3672.6,3598.71,null,null,3672.65
1547614497,3672.37759967,3598.45,null,null,3672.45
1547614503,3672.37759967,3598.02,null,null,3672.45
1547614509,3672.3,3597.89,null,null,3672.05
1547614515,3672.37759967,3597.89,null,null,3672.05
1547614520,3672.3,3597.89,null,null,3672.35
1547614527,3672.3,3598.00,null,null,3672.35
1547614532,3672.3,3598.00,null,null,3672.35
1547614538,3672.3,3598.00,null,null,3672.35
1547614544,3672.3,3598.00,null,null,3672.9
1547614550,3672.3,3598.00,null,null,3672.95
1547614556,3672.3,3598.00,null,null,3672.95
1547614562,3672.3,3599.20,null,null,3672.95
1547614569,3672.9,3599.20,null,null,3672.95
1547614575,3672.9,3599.24,null,null,3672.95
1547614581,3672.9,3599.24,null,null,3672.95
1547614586,3672.9,3599.55,null,null,3672.95
1547614592,3672.9,3599.55,null,null,3672.95
1547614598,3672.9,3599.55,null,null,3672.95
1547614604,3672.9,3599.55,null,null,3672.95
1547614610,3672.9,3599.55,null,null,3672.95
1547614616,3672.9,3599.55,null,null,3672.95
1547614622,3672.9,3599.55,null,null,3672.95
1547614628,3672.9,3599.55,null,null,3672.95
1547614633,3672.83386649,3599.89,null,null,3672.85
1547614639,3672.9,3599.89,null,null,3672.95
1547614645,3672.83386649,3599.89,null,null,3672.95
1547614651,3672.83386649,3599.89,null,null,3672.95
1547614656,3672.83386649,3599.89,null,null,3672.95
1547614663,3672.83386649,3599.89,null,null,3672.95
1547614668,3672.83386649,3599.89,null,null,3672.95
1547614674,3672.83386649,3599.89,null,null,3672.95
1547614680,3672.83386649,3599.89,null,null,3672.95
1547614686,3672.83386649,3599.89,null,null,3672.95
1547614691,3672.83386649,3599.89,null,null,3672.95
1547614697,3672.83386649,3599.89,null,null,3672.95
1547614703,3672.83386649,3599.89,null,null,3672.95
1547614709,3672.83386649,3599.89,null,null,3672.95
1547614715,3672.83386649,3599.89,null,null,3672.95
1547614720,3672.83386649,3599.89,null,null,3672.95
1547614726,3673.0,3599.89,null,null,3672.95
1547614732,3673.0,3599.89,null,null,3672.95
1547614738,3673.0,3599.89,null,null,3672.95
1547614743,3673.0,3599.89,null,null,3672.95
1547614749,3673.0,3599.89,null,null,3672.95
1547614755,3673.0,3599.89,null,null,3672.95
1547614760,3673.0,3599.89,null,null,3672.95
1547614766,3673.0,3599.89,null,null,3672.95
1547614772,3673.0,3599.89,null,null,3672.95
1547614778,3673.0,3599.89,null,null,3672.95
1547614784,3673.0,3599.89,null,null,3672.95
1547614790,3673.0,3599.89,null,null,3672.95
1547614796,3673.0,3599.89,null,null,3672.95
1547614802,3673.0,3599.89,null,null,3672.95
1547614807,3673.0,3599.89,null,null,3672.95
1547614813,3673.0,3599.89,null,null,3672.95
1547614820,3673.0,3600.89,null,null,3672.95
1547614826,3673.0,3600.89,null,null,3672.95
1547614832,3673.0,3600.89,null,null,3672.95
1547614838,3673.0,3600.89,null,null,3672.95
1547614844,3673.0,3600.89,null,null,3672.95
1547614850,3673.0,3600.89,null,null,3672.95
1547614857,3673.0,3600.89,null,null,3672.95
1547614863,3673.0,3600.89,null,null,3672.95
1547614869,3673.0,3600.89,null,null,3672.95
1547614875,3672.9,3601.31,null,null,3672.95
1547614883,3672.9,3601.31,null,null,3672.95
1547614890,3672.9,3601.31,null,null,3672.95
1547614895,3672.9,3601.31,null,null,3672.95
1547614901,3672.9,3601.31,null,null,3672.95
1547614907,3672.9,3601.31,null,null,3672.95
1547614912,3672.9,3598.97,null,null,3672.95
1547614919,3672.9,3598.97,null,null,3672.95
1547614925,3672.9,3598.97,null,null,3672.95
1547614931,3672.9,3598.97,null,null,3672.95
1547614937,3672.9,3598.97,null,null,3672.95
1547614942,3672.9,3598.97,null,null,3672.95
1547614948,3672.9,3598.97,null,null,3672.95
1547614954,3673.0,3598.97,null,null,3672.95
1547614960,3673.0,3598.97,null,null,3672.95
1547614966,3673.0,3599.39,null,null,3672.95
1547614972,3673.0,3599.39,null,null,3672.95
1547614978,3673.0,3599.39,null,null,3672.95
1547614984,3673.0,3599.39,null,null,3672.95
1547614990,3673.0,3599.39,null,null,3672.95
1547614996,3673.0,3599.39,null,null,3672.95
1547615002,3673.0,3599.39,null,null,3672.95
1547615008,3673.0,3599.39,null,null,3672.95
1547615014,3673.0,3599.39,null,null,3672.95
1547615019,3673.0,3598.05,null,null,3672.95
1547615025,3673.0,3598.05,null,null,3672.95
1547615031,3673.0,3598.45,null,null,3672.95
1547615037,3673.0,3598.45,null,null,3672.95
1547615043,3673.0,3598.45,null,null,3672.95
1547615052,3673.0,3598.45,null,null,3673.55
1547615058,3673.0,3598.45,null,null,3673.55
1547615064,3673.0,3598.45,null,null,3673.55
1547615069,3673.0,3598.45,null,null,3673.55
1547615077,3673.0,3598.45,null,null,3673.65
1547615082,3673.0,3598.45,null,null,3673.45
1547615089,3673.5,3598.45,null,null,3673.45
1547615094,3673.5,3598.45,null,null,3673.45
1547615101,3673.4,3598.45,null,null,3673.45
1547615106,3673.4,3598.05,null,null,3673.45
1547615112,3673.4,3598.05,null,null,3673.45
1547615118,3673.4,3598.05,null,null,3673.45
1547615123,3673.4,3598.05,null,null,3674.3
1547615129,3673.7,3598.05,null,null,3674.3
1547615135,3673.7,3600.07,null,null,3674.15
1547615141,3674.1,3600.07,null,null,3674.15
1547615147,3674.1,3600.07,null,null,3674.15
1547615152,3674.1,3600.07,null,null,3674.15
1547615158,3674.2,3600.07,null,null,3674.15
1547615164,3674.1,3600.07,null,null,3674.15
1547615169,3674.2,3600.07,null,null,3674.15
1547615175,3674.1,3600.07,null,null,3674.15
1547615181,3674.1,3600.07,null,null,3674.15
1547615187,3674.1,3600.07,null,null,3674.15
1547615193,3674.2,3600.07,null,null,3674.15
1547615198,3674.2,3600.07,null,null,3674.15
1547615204,3674.2,3600.07,null,null,3674.15
1547615210,3674.2,3600.07,null,null,3674.15
1547615216,3674.2,3600.07,null,null,3674.15
1547615222,3674.2,3600.07,null,null,3674.15
1547615227,3674.2,3598.00,null,null,3674.15
1547615233,3674.2,3598.67,null,null,3674.15
1547615239,3673.5,3598.67,null,null,3673.55
1547615245,3673.5,3596.93,null,null,3673.55
1547615251,3673.6,3596.93,null,null,3673.55
1547615256,3673.6,3596.93,null,null,3673.55
1547615262,3673.6,3596.93,null,null,3673.55
1547615268,3673.6,3596.93,null,null,3673.55
1547615274,3673.6,3596.93,null,null,3673.55
1547615280,3673.5,3596.93,null,null,3673.55
1547615285,3673.6,3596.93,null,null,3673.55
1547615291,3673.5,3596.93,null,null,3673.55
1547615297,3673.5,3596.93,null,null,3673.55
1547615303,3673.5,3596.93,null,null,3673.55
1547615309,3673.5,3596.93,null,null,3673.55
1547615315,3673.5,3596.93,null,null,3673.55
1547615321,3673.5,3596.93,null,null,3673.55
1547615327,3673.5,3596.93,null,null,3673.55
1547615333,3673.5,3596.93,null,null,3673.55
1547615339,3673.5,3596.93,null,null,3673.55
1547615345,3673.5,3596.93,null,null,3673.55
1547615351,3673.5,3596.93,null,null,3673.55
1547615357,3673.0,3596.93,null,null,3673.05
1547615363,3673.0,3596.93,null,null,3673.05
1547615368,3673.0,3596.93,null,null,3673.05
1547615375,3673.0,3596.44,null,null,3673.05
1547615390,3673.0,3596.44,null,null,3673.05
1547615395,3673.0,3596.44,null,null,3673.05
1547615401,3673.0,3596.44,null,null,3673.05
1547615407,3673.0,3596.44,null,null,3673.05
1547615412,3673.05864594,3597.35,null,null,3673.05
1547615418,3673.05864594,3597.35,null,null,3673.05
1547615424,3673.05864594,3597.35,null,null,3673.05
1547615430,3673.05864594,3597.09,null,null,3673.05
1547615436,3671.68952159,3597.09,null,null,3672.25
1547615441,3671.68952159,3594.83,null,null,3672.05
1547615447,3671.68952159,3594.83,null,null,3672.05
1547615453,3671.68952159,3594.83,null,null,3672.05
1547615459,3671.68952159,3594.83,null,null,3672.05
1547615465,3671.68952159,3594.83,null,null,3672.05
1547615471,3672.03180643,3594.83,null,null,3672.05
1547615477,3671.68952159,3595.91,null,null,3672.05
1547615482,3672.03180643,3595.91,null,null,3672.05
1547615489,3672.03180643,3595.91,null,null,3672.05
1547615495,3672.03180643,3595.91,null,null,3672.05
1547615501,3672.03180643,3595.91,null,null,3672.05
1547615508,3672.03180643,3594.43,null,null,3672.05
1547615514,3672.03180643,3594.43,null,null,3672.05
1547615520,3672.1,3594.43,null,null,3672.05
1547615525,3672.1,3596.22,null,null,3672.05
1547615531,3672.1,3596.22,null,null,3672.05
1547615537,3672.0,3596.81,null,null,3672.05
1547615543,3672.0,3596.81,null,null,3672.05
1547615549,3672.0,3596.81,null,null,3672.05
1547615555,3672.0,3596.81,null,null,3672.05
1547615561,3672.0,3596.81,null,null,3672.05
1547615567,3672.0,3596.81,null,null,3672.05
1547615573,3672.0,3595.74,null,null,3672.05
1547615579,3672.0,3595.74,null,null,3672.05
1547615584,3672.0,3595.74,null,null,3672.05
1547615590,3672.0,3595.74,null,null,3672.05
1547615596,3672.0,3595.74,null,null,3672.05
1547615602,3672.0,3596.23,null,null,3672.05
1547615607,3672.0,3596.23,null,null,3672.05
1547615613,3672.0,3596.23,null,null,3672.05
1547615619,3672.0,3596.23,null,null,3672.05
1547615624,3672.0,3596.23,null,null,3672.05
1547615630,3672.03180643,3596.23,null,null,3672.05
1547615636,3672.03180643,3596.23,null,null,3672.05
1547615642,3672.03180643,3596.23,null,null,3672.05
1547615648,3672.03180643,3596.23,null,null,3672.05
1547615653,3672.03180643,3596.68,null,null,3672.05
1547615659,3672.03180643,3596.68,null,null,3672.05
1547615665,3672.03180643,3595.58,null,null,3672.05
1547615671,3672.03180643,3595.58,null,null,3672.05
1547615677,3672.03180643,3595.58,null,null,3672.05
1547615683,3672.03180643,3595.58,null,null,3672.05
1547615689,3672.0,3595.58,null,null,3672.05
1547615695,3672.0,3595.58,null,null,3672.05
1547615701,3672.03180643,3595.58,null,null,3672.05
1547615706,3672.03180643,3595.58,null,null,3672.05
1547615712,3672.1,3595.58,null,null,3672.05
1547615719,3672.1,3595.58,null,null,3672.05
1547615725,3672.1,3595.58,null,null,3672.05
1547615731,3672.1,3595.58,null,null,3672.05
1547615736,3672.1,3595.58,null,null,3672.05
1547615742,3672.1,3595.58,null,null,3672.05
1547615748,3672.03180643,3595.58,null,null,3672.05
1547615754,3672.03180643,3595.58,null,null,3672.05
1547615759,3672.03180643,3595.58,null,null,3672.05
1547615765,3672.03180643,3595.58,null,null,3672.05
1547615771,3672.03180643,3595.58,null,null,3672.05
1547615777,3672.03180643,3595.58,null,null,3672.05
1547615783,3672.03180643,3595.58,null,null,3672.05
1547615788,3672.03180643,3595.58,null,null,3672.05
1547615794,3672.03180643,3595.58,null,null,3672.05
1547615800,3672.03180643,3595.58,null,null,3672.05
1547615806,3672.03180643,3595.58,null,null,3672.05
1547615812,3672.03180643,3595.58,null,null,3672.05
1547615818,3672.1,3595.58,null,null,3672.05
1547615824,3672.1,3595.58,null,null,3672.05
1547615830,3672.1,3595.58,null,null,3672.05
1547615836,3672.1,3599.00,null,null,3672.05
1547615842,3672.1,3599.00,null,null,3672.05
1547615848,3672.1,3599.00,null,null,3672.05
1547615854,3672.1,3599.70,null,null,3672.05
1547615860,3672.1,3599.70,null,null,3672.05
1547615865,3672.1,3599.70,null,null,3672.05
1547615871,3672.1,3599.70,null,null,3672.05
1547615877,3672.1,3599.70,null,null,3672.05
1547615883,3672.1,3599.70,null,null,3672.05
1547615889,3672.1,3599.70,null,null,3672.05
1547615895,3672.1,3599.70,null,null,3672.05
1547615900,3672.1,3600.44,null,null,3672.05
1547615906,3672.1,3600.44,null,null,3672.05
1547615912,3672.03180643,3600.44,null,null,3672.05
1547615918,3672.03180643,3600.44,null,null,3672.05
1547615923,3672.03180643,3600.44,null,null,3672.05
1547615929,3672.0,3600.44,null,null,3672.05
1547615935,3672.0,3600.44,null,null,3672.05
1547615941,3672.0,3600.44,null,null,3672.05
1547615947,3672.0,3600.44,null,null,3672.05
1547615953,3672.0,3600.44,null,null,3672.05
1547615959,3672.1,3600.44,null,null,3672.85
1547615964,3673.3,3600.44,null,null,3672.85
1547615971,3673.3,3600.44,null,null,3673.35
1547615977,3673.3,3600.44,null,null,3673.35
1547615984,3673.3,3600.44,null,null,3673.35
1547615989,3673.3692707,3600.44,null,null,3673.35
1547615995,3673.3692707,3600.44,null,null,3673.35
1547616001,3673.3692707,3600.44,null,null,3673.35
1547616007,3673.3,3600.44,null,null,3673.35
1547616013,3673.3,3600.44,null,null,3673.35
1547616018,3673.3,3600.44,null,null,3673.35
1547616024,3673.3,3600.44,null,null,3673.35
1547616030,3673.3,3600.44,null,null,3673.35
1547616036,3673.3,3600.44,null,null,3673.35
1547616042,3673.3,3600.44,null,null,3673.35
1547616047,3673.3,3600.44,null,null,3673.35
1547616053,3673.3,3600.44,null,null,3673.35
1547616059,3673.3,3600.44,null,null,3673.35
1547616065,3673.3,3600.44,null,null,3673.35
1547616070,3673.3,3600.44,null,null,3673.35
1547616076,3673.3,3600.44,null,null,3673.35
1547616083,3673.3,3600.44,null,null,3673.35
1547616089,3673.3,3600.44,null,null,3673.35
1547616094,3673.3,3600.44,null,null,3673.35
1547616100,3673.3,3600.44,null,null,3673.35
1547616107,3673.3,3600.44,null,null,3673.35
1547616112,3673.3,3600.44,null,null,3673.35
1547616118,3673.3,3600.44,null,null,3673.35
1547616124,3673.3,3600.44,null,null,3673.35
1547616130,3673.3,3600.44,null,null,3673.35
1547616135,3673.3,3598.73,null,null,3673.35
1547616141,3673.3,3597.74,null,null,3673.35
1547616147,3673.3,3598.16,null,null,3673.35
1547616153,3673.3,3598.16,null,null,3673.35
1547616158,3673.3,3598.16,null,null,3673.35
1547616165,3673.3,3598.16,null,null,3673.35
1547616170,3673.3,3597.86,null,null,3673.35
1547616177,3673.3,3597.86,null,null,3673.35
1547616183,3673.3,3597.86,null,null,3673.35
1547616189,3673.3,3597.86,null,null,3673.35
1547616194,3673.4,3597.86,null,null,3673.35
1547616200,3673.4,3597.86,null,null,3673.35
1547616206,3673.4,3597.86,null,null,3673.35
1547616212,3673.4,3597.86,null,null,3673.35
1547616217,3673.4,3597.86,null,null,3673.35
1547616223,3673.4,3597.86,null,null,3673.35
1547616229,3673.4,3597.86,null,null,3673.35
1547616235,3673.3,3597.86,null,null,3673.35
1547616241,3673.4,3597.86,null,null,3673.35
1547616246,3673.3,3597.86,null,null,3673.35
1547616252,3673.3,3597.86,null,null,3673.35
1547616258,3673.3,3597.86,null,null,3673.35
1547616264,3673.3,3597.86,null,null,3673.35
1547616270,3673.3,3597.86,null,null,3673.35
1547616275,3673.3,3597.86,null,null,3673.35
1547616281,3673.3,3597.86,null,null,3673.35
1547616288,3673.3,3597.86,null,null,3673.35
1547616294,3673.3,3597.86,null,null,3673.35
1547616299,3673.3,3597.86,null,null,3673.35
1547616305,3673.3,3597.86,null,null,3673.35
1547616311,3673.3,3597.86,null,null,3673.35
1547616317,3673.3,3599.98,null,null,3673.35
1547616322,3673.3,3599.98,null,null,3673.35
1547616328,3673.3,3597.88,null,null,3673.35
1547616334,3673.3,3597.88,null,null,3673.35
1547616341,3673.3,3597.88,null,null,3673.35
1547616347,3673.3,3597.88,null,null,3673.35
1547616352,3673.3,3597.88,null,null,3673.35
1547616358,3673.3,3598.96,null,null,3673.35
1547616364,3673.3,3598.96,null,null,3673.35
1547616370,3673.3,3598.96,null,null,3673.35
1547616376,3673.4,3598.96,null,null,3673.35
1547616382,3673.4,3598.96,null,null,3673.35
1547616389,3673.4,3598.96,null,null,3673.35
1547616394,3673.3,3598.96,null,null,3673.35
1547616400,3673.3,3598.96,null,null,3673.35
1547616406,3673.3,3598.96,null,null,3673.35
1547616412,3673.3,3598.96,null,null,3673.35
1547616418,3673.3,3598.96,null,null,3673.35
1547616424,3673.3,3600.34,null,null,3673.35
1547616429,3673.3,3600.34,null,null,3673.35
1547616435,3673.3,3601.70,null,null,3673.35
1547616441,3673.3,3601.70,null,null,3673.35
1547616446,3673.3,3599.87,null,null,3673.35
1547616452,3673.3,3599.87,null,null,3673.35
1547616458,3673.3,3599.87,null,null,3673.35
1547616465,3673.3,3599.87,null,null,3673.35
1547616470,3673.3,3599.87,null,null,3673.35
1547616476,3673.3,3599.87,null,null,3673.35
1547616482,3673.3,3599.87,null,null,3673.35
1547616488,3673.3,3599.87,null,null,3673.35
1547616494,3673.3,3599.87,null,null,3673.35
1547616501,3673.3,3599.87,null,null,3673.35
1547616507,3673.3,3599.87,null,null,3673.35
1547616513,3673.3,3599.87,null,null,3673.35
1547616519,3673.4,3599.87,null,null,3673.35
1547616524,3673.4,3598.15,null,null,3673.35
1547616531,3673.4,3598.15,null,null,3673.35
1547616536,3673.4,3598.15,null,null,3673.35
1547616542,3673.3,3598.15,null,null,3673.35
1547616548,3673.3,3598.15,null,null,3673.35
1547616554,3673.4,3598.15,null,null,3673.35
1547616559,3673.4,3598.15,null,null,3673.35
1547616565,3673.3,3598.15,null,null,3673.35
1547616571,3673.3,3598.15,null,null,3673.35
1547616577,3673.3,3598.15,null,null,3673.35
1547616582,3673.3,3598.15,null,null,3673.35
1547616588,3673.3,3604.15,null,null,3673.35
1547616594,3673.3,3604.15,null,null,3673.35
1547616601,3673.3,3604.15,null,null,3673.35
1547616607,3673.4,3604.15,null,null,3673.35
1547616612,3673.4,3604.15,null,null,3673.35
1547616618,3673.3,3604.15,null,null,3673.35
1547616624,3673.3,3604.15,null,null,3673.35
1547616630,3673.3,3604.15,null,null,3673.35
1547616635,3673.3,3604.15,null,null,3673.35
1547616641,3673.3,3604.15,null,null,3673.35
1547616647,3673.3,3604.15,null,null,3673.35
1547616653,3673.3,3604.15,null,null,3673.35
1547616659,3673.3,3604.15,null,null,3673.35
1547616664,3673.3,3604.15,null,null,3673.35
1547616670,3673.3,3604.15,null,null,3673.35
1547616676,3673.3,3604.15,null,null,3673.35
1547616682,3673.3,3604.15,null,null,3673.35
1547616687,3673.3,3604.15,null,null,3673.35
1547616693,3673.3,3604.15,null,null,3673.35
1547616699,3673.3,3604.15,null,null,3673.35
1547616705,3673.3,3604.15,null,null,3673.35
1547616710,3673.3,3604.15,null,null,3673.35
1547616716,3673.3,3604.15,null,null,3673.35
1547616722,3673.3,3604.15,null,null,3673.35
1547616728,3673.3,3604.15,null,null,3673.35
1547616734,3673.3,3604.15,null,null,3673.35
1547616740,3673.3,3604.15,null,null,3673.35
1547616745,3673.3,3604.15,null,null,3673.35
1547616751,3673.3,3604.28,null,null,3673.35
1547616757,3673.4,3604.28,null,null,3673.35
1547616763,3673.3,3604.28,null,null,3673.35
1547616769,3673.3,3604.28,null,null,3674.85
1547616775,3673.3,3604.28,null,null,3674.85
1547616781,3673.4,3604.28,null,null,3674.85
1547616786,3673.3,3604.28,null,null,3674.85
1547616792,3673.4,3605.54,null,null,3674.85
1547616799,3673.4,3606.10,null,null,3674.85
1547616805,3675.0,3607.53,null,null,3674.95
1547616811,3675.0,3607.53,null,null,3678.1
1547616818,3675.0,3607.53,null,null,3678.1
1547616824,3678.2,3607.16,null,null,3678.25
1547616829,3678.2,3607.16,null,null,3678.25
1547616835,3678.2,3605.57,null,null,3678.25
1547616841,3678.2,3605.57,null,null,3678.25
1547616847,3678.2,3605.57,null,null,3678.25
1547616853,3678.2,3605.57,null,null,3678.25
1547616859,3678.2,3605.57,null,null,3678.25
1547616865,3678.2,3605.57,null,null,3678.25
1547616870,3678.2,3605.57,null,null,3678.25
1547616876,3678.2,3605.57,null,null,3678.25
1547616882,3678.2,3605.57,null,null,3678.25
1547616888,3678.2,3605.57,null,null,3678.25
1547616895,3678.2,3605.57,null,null,3678.25
1547616901,3678.2,3605.57,null,null,3678.25
1547616907,3678.2,3605.57,null,null,3678.25
1547616912,3678.2,3605.57,null,null,3678.25
1547616918,3678.2,3605.57,null,null,3678.25
1547616924,3678.2,3605.57,null,null,3678.25
1547616930,3678.2,3605.57,null,null,3678.25
1547616936,3678.2,3605.57,null,null,3678.25
1547616943,3678.2,3605.57,null,null,3678.25
1547616949,3678.2,3605.57,null,null,3678.25
1547616955,3678.2,3605.57,null,null,3678.25
1547616961,3678.2,3605.57,null,null,3678.25
1547616966,3678.2,3605.57,null,null,3678.25
1547616972,3678.2,3605.57,null,null,3678.25
1547616978,3678.2,3605.57,null,null,3678.25
1547616985,3678.2,3605.57,null,null,3678.25
1547616991,3678.2,3605.57,null,null,3678.25
1547616997,3678.2,3605.57,null,null,3678.25
1547617002,3678.2,3605.57,null,null,3678.25
1547617009,3678.2,3605.57,null,null,3678.25
1547617015,3678.2,3604.60,null,null,3678.25
1547617021,3678.2,3604.11,null,null,3678.25
1547617027,3678.2,3604.11,null,null,3678.25
1547617033,3678.2,3605.75,null,null,3678.25
1547617039,3678.2,3604.22,null,null,3678.25
1547617049,3678.2,3604.11,null,null,3678.25
1547617055,3678.2,3604.11,null,null,3678.25
1547617060,3678.2,3604.11,null,null,3678.25
1547617066,3678.2,3604.32,null,null,3678.25
1547617072,3678.2,3604.32,null,null,3678.25
1547617078,3678.2,3604.32,null,null,3678.25
1547617083,3678.2,3604.32,null,null,3678.25
1547617090,3678.2,3604.32,null,null,3678.25
1547617095,3678.2,3604.32,null,null,3678.25
1547617101,3678.2,3604.32,null,null,3678.25
1547617107,3678.2,3604.11,null,null,3678.25
1547617113,3678.2,3604.11,null,null,3678.25
1547617119,3678.2,3604.11,null,null,3678.25
1547617124,3678.2,3604.11,null,null,3678.25
1547617130,3678.2,3604.11,null,null,3678.25
1547617136,3678.2,3604.11,null,null,3678.25
1547617142,3678.2,3604.11,null,null,3678.25
1547617147,3678.2,3604.11,null,null,3678.25
1547617153,3678.2,3604.11,null,null,3678.25
1547617160,3678.2,3606.19,null,null,3678.25
1547617165,3678.2,3606.19,null,null,3678.25
1547617171,3678.23039578,3606.19,null,null,3678.25
1547617177,3678.23039578,3606.19,null,null,3678.25
1547617183,3678.23039578,3607.50,null,null,3678.25
1547617188,3678.23039578,3607.50,null,null,3678.25
1547617194,3678.3,3607.50,null,null,3678.25
1547617201,3678.3,3603.14,null,null,3678.25
1547617206,3678.3,3602.47,null,null,3673.2
1547617213,3678.3,3602.48,null,null,3673.2
1547617218,3676.1,3602.48,null,null,3676.55
1547617224,3676.1,3602.48,null,null,3676.55
1547617231,3674.3,3601.21,null,null,3672.95
1547617237,3674.3,3601.21,null,null,3672.95
1547617243,3674.3,3601.21,null,null,3674.35
1547617249,3674.3,3601.21,null,null,3674.35
1547617254,3675.1,3601.95,null,null,3675.55
1547617260,3675.1,3601.95,null,null,3675.4
1547617266,3675.1,3601.95,null,null,3675.4
1547617272,3675.2,3599.92,null,null,3675.75
1547617277,3675.2,3601.77,null,null,3675.75
1547617283,3675.2,3601.77,null,null,3675.45
1547617289,3675.2,3601.77,null,null,3675.45
1547617295,3675.2,3601.76,null,null,3675.45
1547617301,3675.2,3601.76,null,null,3675.45
1547617307,3675.2,3601.76,null,null,3675.55
1547617312,3675.2,3601.76,null,null,3675.65
1547617319,3675.2,3601.76,null,null,3675.65
1547617324,3675.2,3602.56,null,null,3675.65
1547617331,3675.2,3603.84,null,null,3675.65
1547617337,3675.60228564,3603.84,null,null,3675.65
1547617343,3675.60228564,3603.84,null,null,3675.65
1547617349,3675.60228564,3603.84,null,null,3675.65
1547617356,3675.60228564,3602.25,null,null,3675.65
1547617362,3675.60228564,3603.88,null,null,3675.65
1547617368,3675.60228564,3603.88,null,null,3675.65
1547617374,3675.60228564,3603.88,null,null,3675.65
1547617379,3675.60228564,3603.88,null,null,3675.65
1547617385,3675.60228564,3603.88,null,null,3675.65
1547617391,3675.60228564,3603.88,null,null,3675.65
1547617397,3675.60228564,3603.88,null,null,3675.65
1547617404,3675.60228564,3603.88,null,null,3675.65
1547617410,3675.7,3603.88,null,null,3675.65
1547617416,3675.7,3604.68,null,null,3675.65
1547617421,3675.7,3604.68,null,null,3675.65
1547617427,3675.7,3604.68,null,null,3675.65
1547617433,3675.7,3603.83,null,null,3675.65
1547617439,3675.7,3603.83,null,null,3675.65
1547617444,3675.7,3604.76,null,null,3675.65
1547617450,3675.7,3604.76,null,null,3675.65
1547617456,3675.7,3604.76,null,null,3675.65
1547617462,3675.7,3604.76,null,null,3675.65
1547617468,3675.7,3608.76,null,null,3675.65
1547617473,3675.6141636,3608.76,null,null,3675.65
1547617479,3675.6141636,3605.64,null,null,3675.65
1547617485,3675.6141636,3605.64,null,null,3675.65
1547617491,3675.7,3605.64,null,null,3675.65
1547617496,3675.7,3605.64,null,null,3675.65
1547617503,3675.7,3605.64,null,null,3675.65
1547617509,3675.7,3605.64,null,null,3675.65
1547617515,3675.7,3605.64,null,null,3675.65
1547617521,3675.7,3605.64,null,null,3675.65
1547617527,3675.7,3605.64,null,null,3675.65
1547617533,3675.7,3605.64,null,null,3675.65
1547617539,3675.7,3605.64,null,null,3675.65
1547617545,3675.7,3605.64,null,null,3675.65
1547617551,3675.7,3606.36,null,null,3675.65
1547617556,3675.7,3606.36,null,null,3675.65
1547617562,3675.7,3606.36,null,null,3675.65
1547617568,3675.7,3606.36,null,null,3675.65
1547617575,3675.7,3606.36,null,null,3675.65
1547617580,3675.7,3606.36,null,null,3675.65
1547617586,3675.60228564,3606.36,null,null,3675.65
1547617592,3675.60228564,3606.36,null,null,3675.65
1547617598,3675.60228564,3606.36,null,null,3675.65
1547617604,3675.60228564,3606.36,null,null,3675.65
1547617609,3675.60228564,3604.01,null,null,3675.65
1547617615,3675.60228564,3604.01,null,null,3675.65
1547617621,3675.60228564,3604.01,null,null,3675.65
1547617626,3675.60228564,3604.01,null,null,3676.8
1547617632,3675.60228564,3604.01,null,null,3676.8
1547617638,3676.74324553,3604.01,null,null,3676.85
1547617644,3676.74324553,3604.01,null,null,3676.85
1547617650,3676.74324553,3604.01,null,null,3676.85
1547617655,3676.74324553,3604.01,null,null,3676.85
1547617661,3676.8,3604.01,null,null,3676.85
1547617667,3676.8,3604.01,null,null,3676.4
1547617673,3676.8,3604.01,null,null,3676.4
1547617679,3676.8,3604.01,null,null,3676.7
1547617685,3675.9445736,3604.01,null,null,3676.7
1547617690,3675.9445736,3604.01,null,null,3676.65
1547617696,3675.9445736,3604.62,null,null,3676.65
1547617702,3676.2,3604.62,null,null,3676.6
1547617708,3676.2,3604.62,null,null,3676.65
1547617714,3676.28686157,3604.62,null,null,3676.65
1547617719,3676.28686157,3604.62,null,null,3676.8
1547617725,3676.28686157,3604.62,null,null,3676.8
1547617731,3676.74324553,3603.21,null,null,3676.75
1547617737,3676.8,3603.21,null,null,3676.75
1547617743,3676.8,3603.21,null,null,3676.95
1547617748,3676.8,3603.21,null,null,3676.95
1547617754,3676.8,3603.21,null,null,3676.95
1547617760,3677.0,3603.21,null,null,3677.55
1547617766,3677.58099026,3604.72,null,null,3677.55
1547617771,3677.0,3604.58,null,null,3677.55
1547617777,3677.58099026,3604.72,null,null,3677.55
1547617783,3677.58099026,3605.48,null,null,3677.75
1547617788,3677.58099026,3605.48,null,null,3677.75
1547617794,3677.7,3605.48,null,null,3677.75
1547617800,3677.7,3606.00,null,null,3677.75
1547617808,3677.7,3606.90,null,null,3678.2
1547617813,3678.2,3606.90,null,null,3678.25
1547617819,3678.2,3606.90,null,null,3678.25
1547617825,3678.2,3606.90,null,null,3678.0
1547617831,3678.1,3606.54,null,null,3678.0
1547617836,3678.1,3605.59,null,null,3678.1
1547617843,3678.1,3605.47,null,null,3678.25
1547617849,3678.3,3605.59,null,null,3678.25
1547617854,3678.3,3605.59,null,null,3678.25
1547617860,3678.3,3605.59,null,null,3678.25
1547617866,3678.3,3605.59,null,null,3678.25
1547617872,3678.3,3605.59,null,null,3678.25
1547617878,3678.3,3605.59,null,null,3678.25
1547617883,3678.3,3605.59,null,null,3678.25
1547617889,3678.3,3604.97,null,null,3678.25
1547617895,3678.3,3602.75,null,null,3678.25
1547617901,3678.3,3602.75,null,null,3678.25
1547617906,3678.3,3603.14,null,null,3678.25
1547617913,3678.3,3603.14,null,null,3678.25
1547617919,3678.3,3603.14,null,null,3678.25
1547617925,3678.3,3603.14,null,null,3678.2
1547617931,3678.3,3602.88,null,null,3678.2
1547617937,3676.8,3602.88,null,null,3676.05
1547617942,3676.8,3604.32,null,null,3677.1
1547617948,3676.8,3605.45,null,null,3677.1
1547617954,3676.8,3605.45,null,null,3677.1
1547617959,3676.1,3605.45,null,null,3677.15
1547617965,3676.1,3604.01,null,null,3677.0
1547617971,3676.1,3601.88,null,null,3677.0
1547617977,3676.1,3600.36,null,null,3676.35
1547617983,3676.1,3600.36,null,null,3676.35
1547617989,3676.1,3600.36,null,null,3676.05
1547617995,3676.1,3600.36,null,null,3676.4
1547618001,3676.1,3603.11,null,null,3676.4
1547618007,3676.1,3603.11,null,null,3676.4
1547618013,3676.1,3603.11,null,null,3676.4
1547618019,3676.1,3603.11,null,null,3676.3
1547618024,3676.1,3602.21,null,null,3676.3
1547618030,3676.1,3602.21,null,null,3676.05
1547618036,3676.1,3602.21,null,null,3676.05
1547618042,3676.1,3602.21,null,null,3676.05
1547618047,3676.1,3602.21,null,null,3676.45
1547618053,3676.1,3602.21,null,null,3676.45
1547618059,3676.1,3602.21,null,null,3676.05
1547618065,3676.1,3602.21,null,null,3676.05
1547618071,3676.1,3602.21,null,null,3676.05
1547618077,3676.1,3602.21,null,null,3676.05
1547618083,3676.1,3602.21,null,null,3676.05
1547618088,3676.1,3602.21,null,null,3676.55
1547618094,3676.1,3602.21,null,null,3676.55
1547618100,3676.1,3602.21,null,null,3676.6
1547618106,3677.2,3602.21,null,null,3676.6
1547618113,3678.0,3602.21,null,null,3676.5
1547618118,3678.0,3602.21,null,null,3676.5
1547618124,3678.2,3602.21,null,null,3678.15
1547618130,3678.2,3602.21,null,null,3678.25
1547618136,3678.2,3602.21,null,null,3678.25
1547618141,3678.2,3602.21,null,null,3678.25
1547618148,3678.2,3603.82,null,null,3678.25
1547618153,3678.2,3602.61,null,null,3678.25
1547618159,3678.2,3603.82,null,null,3678.25
1547618165,3678.3,3603.82,null,null,3678.25
1547618170,3678.3,3603.82,null,null,3679.3
1547618177,3680.3,3603.11,null,null,3679.3
1547618182,3678.3,3603.11,null,null,3679.85
1547618188,3679.3,3603.11,null,null,3679.8
1547618194,3679.3,3602.61,null,null,3679.8
1547618200,3681.6,3603.45,null,null,3678.1
1547618206,3681.6,3602.04,null,null,3678.1
1547618213,3681.6,3602.04,null,null,3677.6
1547618219,3678.3,3602.04,null,null,3677.6
1547618224,3678.3,3602.04,null,null,3677.8
1547618230,3677.2,3602.04,null,null,3677.8
1547618236,3678.3,3603.63,null,null,3677.7
1547618242,3677.2,3603.63,null,null,3677.65
1547618248,3677.2,3603.63,null,null,3677.65
1547618254,3677.2,3603.63,null,null,3677.1
1547618260,3677.2,3603.63,null,null,3677.15
1547618266,3677.2,3603.63,null,null,3677.15
1547618272,3676.1,3603.63,null,null,3677.5
1547618279,3676.1,3603.63,null,null,3677.5
1547618285,3676.1,3601.67,null,null,3677.5
1547618291,3676.1,3603.57,null,null,3677.25
1547618297,3676.9,3603.57,null,null,3677.25
1547618303,3676.9,3601.67,null,null,3677.5
1547618308,3676.9,3601.67,null,null,3677.5
1547618314,3676.9,3601.67,null,null,3677.55
1547618320,3678.0,3601.67,null,null,3677.55
1547618326,3678.0,3601.67,null,null,3677.1
1547618332,3678.0,3601.67,null,null,3677.15
1547618337,3678.0,3601.67,null,null,3677.15
1547618343,3678.0,3603.57,null,null,3677.15
1547618349,3678.0,3603.90,null,null,3677.15
1547618355,3677.3,3603.90,null,null,3677.25
1547618361,3677.3,3603.90,null,null,3677.25
1547618367,3677.3,3603.90,null,null,3677.25
1547618372,3677.20989656,3603.90,null,null,3677.25
1547618378,3677.20989656,3603.90,null,null,3677.25
1547618384,3677.20989656,3603.90,null,null,3677.25
1547618390,3677.20989656,3603.90,null,null,3677.25
1547618395,3677.3,3603.90,null,null,3677.25
1547618401,3677.20989656,3602.17,null,null,3677.25
1547618407,3677.3,3603.93,null,null,3677.25
1547618414,3677.3,3603.93,null,null,3677.25
1547618420,3677.3,3603.93,null,null,3677.25
1547618426,3677.3,3603.93,null,null,3677.25
1547618432,3677.3,3603.93,null,null,3677.25
1547618438,3677.3,3603.93,null,null,3677.25
1547618444,3677.3,3603.93,null,null,3677.25
1547618449,3677.3,3603.93,null,null,3677.25
1547618456,3677.3,3603.93,null,null,3677.25
1547618462,3677.3,3604.27,null,null,3677.25
1547618468,3677.3,3604.27,null,null,3677.25
1547618474,3677.3,3604.55,null,null,3677.25
1547618480,3677.3,3604.55,null,null,3677.25
1547618486,3677.2,3604.55,null,null,3677.25
1547618492,3677.2,3604.66,null,null,3677.25
1547618497,3677.2,3604.66,null,null,3677.25
1547618503,3677.2,3604.66,null,null,3677.25
1547618509,3677.2,3604.66,null,null,3677.25
1547618515,3677.2,3603.43,null,null,3677.25
1547618521,3677.2,3603.30,null,null,3677.25
1547618526,3677.2,3603.35,null,null,3677.25
1547618532,3677.2,3607.19,null,null,3677.25
1547618538,3678.6,3607.19,null,null,3677.25
1547618544,3678.6,3607.19,null,null,3679.55
1547618550,3678.6,3607.19,null,null,3679.55
1547618557,3678.6,3607.19,null,null,3679.55
1547618562,3678.6,3607.19,null,null,3679.55
1547618568,3679.3,3607.19,null,null,3679.55
1547618574,3679.3,3605.32,null,null,3679.05
1547618580,3679.2,3605.32,null,null,3679.05
1547618585,3679.2,3605.32,null,null,3679.05
1547618591,3679.2,3605.32,null,null,3679.05
1547618597,3678.9,3605.32,null,null,3679.15
1547618604,3678.9,3605.32,null,null,3679.1
1547618610,3678.9,3605.32,null,null,3679.1
1547618616,3678.9,3605.32,null,null,3679.1
1547618622,3678.9,3603.92,null,null,3679.15
1547618628,3678.9,3603.92,null,null,3679.15
1547618633,3678.9,3603.92,null,null,3679.15
1547618640,3678.9,3603.92,null,null,3679.15
1547618646,3679.1,3605.46,null,null,3679.15
1547618652,3679.1,3605.46,null,null,3679.15
1547618658,3679.1,3603.92,null,null,3679.15
1547618664,3679.1,3603.92,null,null,3679.15
1547618671,3679.1,3605.11,null,null,3679.15
1547618676,3679.1,3605.11,null,null,3679.15
1547618682,3679.1,3604.94,null,null,3679.15
1547618688,3679.1,3604.64,null,null,3679.15
1547618693,3679.1,3604.64,null,null,3679.15
1547618699,3679.1,3604.64,null,null,3679.15
1547618705,3679.1,3604.64,null,null,3679.15
1547618712,3679.1,3604.64,null,null,3679.15
1547618720,3679.1,3604.64,null,null,3679.15
1547618726,3679.2,3604.64,null,null,3679.15
1547618732,3679.2,3604.64,null,null,3679.15
1547618737,3679.2,3604.64,null,null,3679.15
1547618743,3679.2,3604.89,null,null,3679.15
1547618749,3679.2,3604.89,null,null,3679.15
1547618755,3679.2,3604.89,null,null,3679.15
1547618761,3679.2,3603.36,null,null,3679.15
1547618766,3679.2,3603.36,null,null,3679.15
1547618772,3679.2,3604.18,null,null,3679.15
1547618778,3679.2,3604.18,null,null,3679.15
1547618784,3679.2,3603.36,null,null,3679.15
1547618789,3679.2,3603.36,null,null,3679.15
1547618795,3679.1,3603.36,null,null,3679.15
1547618801,3679.1,3603.36,null,null,3679.15
1547618807,3679.1,3603.36,null,null,3679.15
1547618812,3679.1,3603.36,null,null,3679.15
1547618818,3679.1,3603.36,null,null,3679.15
1547618824,3679.1,3603.36,null,null,3679.15
1547618829,3679.1,3603.36,null,null,3679.15
1547618835,3679.1,3605.44,null,null,3679.15
1547618841,3679.1,3604.06,null,null,3679.15
1547618847,3679.1,3604.06,null,null,3679.15
1547618853,3679.1,3604.06,null,null,3679.15
1547618858,3679.2,3604.06,null,null,3679.15
1547618864,3679.2,3604.06,null,null,3679.15
1547618870,3679.15001537,3605.74,null,null,3679.15
1547618876,3679.15001537,3605.86,null,null,3679.15
1547618881,3679.15001537,3605.86,null,null,3679.15
1547618887,3679.15001537,3605.80,null,null,3679.15
1547618893,3679.15001537,3605.80,null,null,3679.15
1547618899,3679.15001537,3604.06,null,null,3679.15
1547618905,3679.15001537,3604.06,null,null,3679.15
1547618911,3679.15001537,3604.06,null,null,3679.15
1547618917,3679.15001537,3605.80,null,null,3679.15
1547618923,3679.15001537,3605.80,null,null,3679.15
1547618928,3679.15001537,3604.06,null,null,3679.15
1547618934,3679.1,3604.06,null,null,3679.15
1547618940,3679.1,3604.00,null,null,3679.15
1547618946,3679.1,3603.75,null,null,3679.15
1547618952,3679.1,3603.75,null,null,3679.15
1547618957,3679.1,3603.75,null,null,3679.15
1547618963,3679.1,3603.75,null,null,3679.15
1547618969,3679.1,3603.75,null,null,3679.15
1547618975,3679.1,3603.75,null,null,3679.15
1547618981,3679.1,3603.75,null,null,3679.15
1547618988,3679.2,3605.53,null,null,3679.15
1547618993,3679.2,3604.55,null,null,3679.15
1547618999,3679.2,3604.55,null,null,3679.15
1547619005,3679.2,3604.30,null,null,3679.15
1547619011,3679.2,3603.37,null,null,3679.15
1547619017,3679.2,3603.37,null,null,3679.15
1547619023,3679.1,3601.70,null,null,3679.15
1547619029,3679.2,3601.70,null,null,3679.15
1547619035,3679.2,3602.59,null,null,3679.15
1547619041,3679.2,3603.34,null,null,3679.15
1547619048,3679.2,3603.34,null,null,3679.15
1547619053,3679.2,3603.34,null,null,3679.15
1547619059,3679.2,3603.07,null,null,3679.15
1547619065,3679.1,3603.07,null,null,3679.15
1547619071,3679.2,3603.07,null,null,3679.15
1547619076,3679.2,3603.07,null,null,3679.15
1547619082,3679.2,3603.07,null,null,3679.65
1547619088,3679.60105626,3603.07,null,null,3679.65
1547619094,3679.60105626,3603.07,null,null,3679.65
1547619099,3679.60105626,3603.07,null,null,3679.65
1547619105,3679.60105626,3602.08,null,null,3679.65
1547619111,3679.60105626,3602.64,null,null,3679.65
1547619116,3679.60105626,3602.64,null,null,3679.65
1547619122,3679.60105626,3602.67,null,null,3679.65
1547619128,3679.60105626,3602.67,null,null,3679.65
1547619134,3679.60105626,3603.37,null,null,3679.65
1547619140,3679.6,3603.37,null,null,3679.65
1547619145,3679.60105626,3603.37,null,null,3679.65
1547619151,3679.60105626,3603.75,null,null,3679.65
1547619157,3679.60105626,3603.75,null,null,3679.65
1547619162,3679.60105626,3603.75,null,null,3679.65
1547619169,3679.60105626,3602.06,null,null,3679.65
1547619174,3679.60105626,3600.72,null,null,3679.65
1547619180,3679.60105626,3600.72,null,null,3679.65
1547619186,3679.60105626,3602.70,null,null,3679.65
1547619192,3679.60105626,3602.70,null,null,3679.65
1547619198,3679.6,3602.86,null,null,3679.65
1547619204,3679.6,3600.73,null,null,3679.3
1547619210,3679.6,3603.33,null,null,3679.3
1547619216,3679.0,3603.34,null,null,3679.05
1547619221,3679.0,3603.34,null,null,3679.05
1547619227,3679.0,3603.34,null,null,3679.05
1547619233,3679.0,3603.34,null,null,3679.05
1547619239,3679.0,3603.34,null,null,3679.05
1547619244,3679.0,3603.34,null,null,3679.05
1547619250,3679.0,3600.72,null,null,3679.05
1547619256,3679.0,3600.72,null,null,3679.05
1547619262,3679.0,3600.13,null,null,3679.05
1547619267,3679.0,3600.13,null,null,3679.05
1547619273,3679.0,3601.66,null,null,3679.05
1547619279,3679.0,3601.66,null,null,3679.05
1547619284,3679.0,3601.66,null,null,3679.05
1547619290,3679.0,3601.66,null,null,3679.05
1547619296,3679.0,3601.66,null,null,3679.05
1547619302,3679.0,3601.66,null,null,3679.05
1547619307,3679.0,3601.66,null,null,3679.05
1547619313,3679.0,3601.66,null,null,3679.05
1547619319,3679.0,3601.66,null,null,3679.05
1547619326,3679.0,3600.72,null,null,3679.05
1547619331,3679.0,3600.72,null,null,3679.05
1547619337,3679.0,3600.72,null,null,3679.05
1547619343,3679.0,3600.00,null,null,3679.05
1547619348,3679.0,3600.00,null,null,3679.05
1547619354,3679.0,3600.25,null,null,3679.05
1547619360,3679.0,3599.76,null,null,3679.05
1547619366,3679.0,3599.76,null,null,3679.05
1547619371,3679.0,3599.76,null,null,3679.05
1547619806,3672.0,3594.95,null,null,3672.35
1547619812,3672.0,3594.95,null,null,3672.35
1547619818,3672.71561629,3594.95,null,null,3672.35
1547619823,3672.71561629,3594.95,null,null,3672.35
1547619829,3673.1,3594.95,null,null,3673.65
1547619835,3672.2,3594.95,null,null,3673.65
1547619841,3673.1,3594.95,null,null,3673.65
1547619847,3672.2,3594.95,null,null,3672.15
1547621172,3669.95493838,3592.20,null,null,3669.95
1547621179,3669.95493838,3592.20,null,null,3669.95
1547621185,3669.95493838,3591.94,null,null,3669.95
1547621191,3669.95493838,3590.12,null,null,3669.95
1547621196,3669.95493838,3590.78,null,null,3669.95
1547621202,3669.95493838,3590.13,null,null,3669.95
1547621208,3669.95493838,3590.13,null,null,3669.95
1547621213,3669.95493838,3590.13,null,null,3669.95
1547621219,3669.95493838,3590.13,null,null,3669.95
1547621225,3669.95493838,3590.13,null,null,3669.95
1547621231,3669.95493838,3590.13,null,null,3669.95
1547621236,3669.95493838,3590.79,null,null,3669.95
1547621242,3669.95493838,3590.79,null,null,3669.95
1547621248,3669.95493838,3590.79,null,null,3669.95
1547621254,3670.0,3589.38,null,null,3669.95
1547621260,3670.0,3589.37,null,null,3670.05
1547621265,3670.0,3589.38,null,null,3670.05
1547621271,3670.0,3589.17,null,null,3670.05
1547621277,3670.0,3587.60,null,null,3670.05
1547621283,3670.0,3588.15,null,null,3670.05
1547621289,3670.0,3588.15,null,null,3670.05
1547621294,3670.0,3588.15,null,null,3670.05
1547621300,3670.0,3588.15,null,null,3670.05
1547621306,3670.0,3589.67,null,null,3670.05
1547621312,3670.0,3589.67,null,null,3670.05
1547621318,3670.0,3589.67,null,null,3670.65
1547621324,3670.0,3589.67,null,null,3670.65
1547621330,3670.63920593,3589.67,null,null,3670.65
1547621336,3670.63920593,3590.37,null,null,3670.65
1547621341,3670.63920593,3590.37,null,null,3670.65
1547621347,3670.63920593,3590.37,null,null,3670.65
1547621353,3670.6,3590.00,null,null,3670.65
1547621359,3670.6,3590.30,null,null,3670.65
1547621364,3670.6,3590.30,null,null,3670.65
1547621370,3670.6,3590.30,null,null,3670.65
1547621376,3670.6,3590.30,null,null,3670.65
1547621382,3670.6,3590.30,null,null,3670.15
1547621388,3670.0,3589.94,null,null,3670.15
1547621393,3670.0,3590.57,null,null,3670.15
1547621399,3670.2,3590.57,null,null,3670.15
1547621405,3670.0,3590.57,null,null,3670.15
1547621411,3670.2,3590.57,null,null,3670.15
1547621417,3670.2,3590.57,null,null,3670.15
1547621423,3670.1,3589.92,null,null,3670.15
1547621429,3670.0,3589.92,null,null,3670.15
1547621435,3670.0,3589.92,null,null,3670.05
1547621442,3670.0,3589.92,null,null,3670.05
1547621448,3670.0,3588.77,null,null,3670.05
1547621454,3670.0,3588.77,null,null,3670.05
1547621460,3670.0,3590.20,null,null,3670.05
1547621466,3670.0,3590.20,null,null,3670.05
1547621472,3670.0,3590.20,null,null,3670.05
1547621479,3670.0,3590.20,null,null,3670.05
1547621484,3670.0,3590.20,null,null,3670.05
1547621493,3670.0,3590.20,null,null,3670.05
1547621499,3670.0,3588.23,null,null,3670.05
1547621505,3670.0,3588.23,null,null,3670.05
1547621511,3670.0,3588.23,null,null,3670.05
1547621516,3670.0,3588.23,null,null,3670.05
1547621523,3670.0,3588.45,null,null,3670.05
1547621529,3670.0,3588.45,null,null,3670.05
1547621535,3670.0,3589.11,null,null,3670.05
1547621540,3670.0,3589.11,null,null,3670.05
1547621546,3670.09722119,3589.11,null,null,3670.05
1547621552,3670.09722119,3590.18,null,null,3670.05
1547621559,3670.09722119,3590.00,null,null,3670.05
1547621567,3670.09722119,3590.00,null,null,3670.05
1547621572,3670.0,3590.00,null,null,3670.05
1547621578,3670.0,3589.91,null,null,3670.05
1547621584,3670.0,3589.91,null,null,3670.05
1547621589,3670.0,3589.91,null,null,3670.05
1547621595,3670.0,3591.39,null,null,3670.05
1547621601,3670.0,3591.39,null,null,3670.05
1547621607,3670.0,3591.39,null,null,3670.05
1547621612,3670.0,3591.39,null,null,3670.05
1547621618,3670.0,3591.39,null,null,3670.05
1547621624,3670.0,3591.39,null,null,3670.05
1547621629,3670.0,3590.66,null,null,3670.05
1547621636,3670.0,3590.66,null,null,3670.05
1547621641,3670.1,3590.66,null,null,3670.05
1547621647,3670.1,3591.83,null,null,3670.05
1547621653,3670.1,3591.83,null,null,3670.05
1547621658,3670.0,3591.04,null,null,3670.05
1547621664,3670.0,3590.88,null,null,3670.05
1547621670,3670.0,3590.88,null,null,3670.05
1547621676,3670.0,3590.88,null,null,3670.05
1547621682,3670.0,3590.88,null,null,3670.05
1547621688,3670.0,3590.88,null,null,3670.05
1547621694,3670.0,3590.88,null,null,3670.05
1547621700,3670.0,3590.88,null,null,3670.05
1547621705,3670.0,3590.88,null,null,3670.05
1547621711,3670.1,3590.88,null,null,3670.05
1547621716,3670.1,3590.88,null,null,3670.15
1547621723,3670.1,3591.63,null,null,3670.15
1547621729,3670.1,3591.21,null,null,3670.15
1547621735,3670.1,3591.21,null,null,3670.15
1547621740,3670.1,3591.21,null,null,3670.15
1547621746,3670.1,3591.21,null,null,3670.15
1547621752,3670.1,3591.21,null,null,3670.15
1547621757,3670.1,3591.21,null,null,3670.15
1547621763,3670.1,3590.88,null,null,3670.15
1547621769,3670.1,3590.88,null,null,3670.15
1547621775,3670.1,3590.88,null,null,3670.15
1547621781,3670.1,3590.88,null,null,3670.15
1547621787,3670.2,3590.88,null,null,3670.15
1547621793,3670.1,3590.88,null,null,3670.15
1547621799,3670.2,3590.88,null,null,3670.15
1547621805,3670.2,3590.88,null,null,3670.15
1547621811,3670.2,3590.88,null,null,3670.15
1547621817,3670.1,3590.88,null,null,3670.15
1547621822,3670.1,3590.88,null,null,3670.15
1547621828,3670.1,3590.88,null,null,3670.15
1547621834,3670.1,3590.87,null,null,3670.15
1547621840,3670.1,3590.87,null,null,3670.15
1547621846,3670.1,3589.72,null,null,3670.15
1547621852,3670.1,3589.72,null,null,3670.15
1547621858,3670.1,3589.72,null,null,3670.15
1547621863,3670.1,3589.72,null,null,3670.15
1547621869,3670.2,3589.72,null,null,3670.15
1547621875,3670.2,3589.72,null,null,3670.15
1547621881,3670.1,3589.72,null,null,3670.15
1547621886,3670.1,3589.72,null,null,3670.15
1547621892,3670.1,3591.00,null,null,3670.15
1547621898,3670.1,3591.00,null,null,3670.15
1547621904,3670.1,3591.00,null,null,3670.15
1547621910,3670.1,3591.00,null,null,3670.15
1547621916,3670.1,3593.90,null,null,3670.15
1547621922,3670.1,3593.90,null,null,3670.8
1547621927,3671.0,3593.90,null,null,3670.8
1547621933,3670.1,3593.90,null,null,3670.75
1547621939,3671.0,3593.90,null,null,3670.95
1547621946,3671.0,3593.90,null,null,3670.95
1547621952,3670.9,3593.90,null,null,3671.05
1547621958,3670.9,3593.90,null,null,3671.05
1547621964,3670.9,3593.90,null,null,3671.1
1547621970,3671.0,3593.90,null,null,3671.25
1547621976,3670.9,3593.90,null,null,3671.25
1547621981,3671.0,3593.90,null,null,3671.25
1547621987,3671.0,3593.00,null,null,3671.05
1547621993,3671.0,3593.00,null,null,3671.05
1547621998,3671.1,3593.00,null,null,3671.05
1547622004,3671.0,3596.30,null,null,3671.85
1547622010,3671.1,3595.86,null,null,3671.85
1547622016,3671.9,3594.38,null,null,3672.8
1547622021,3671.9,3594.38,null,null,3672.8
1547622027,3672.5,3595.31,null,null,3672.85
1547622033,3672.5,3595.08,null,null,3672.85
1547622039,3672.5,3595.08,null,null,3672.8
1547622044,3672.6,3597.09,null,null,3672.75
1547622050,3672.6,3597.09,null,null,3672.75
1547622056,3672.6,3597.09,null,null,3672.75
1547622062,3672.7,3597.09,null,null,3672.75
1547622068,3672.7,3597.09,null,null,3672.8
1547622074,3672.8,3597.09,null,null,3672.8
1547622079,3672.8,3597.09,null,null,3672.75
1547622085,3671.0,3592.62,null,null,3672.75
1547622091,3672.8,3591.72,null,null,3671.05
1547622097,3671.0,3591.72,null,null,3671.05
1547622103,3671.0,3591.72,null,null,3671.05
1547622108,3671.0,3591.72,null,null,3669.9
1547622114,3669.8,3591.72,null,null,3669.9
1547622120,3671.0,3591.72,null,null,3669.85
1547622125,3669.8,3591.72,null,null,3669.85
1547622131,3668.0,3592.61,null,null,3669.85
1547622137,3669.8,3592.21,null,null,3669.85
1547622143,3668.0,3592.21,null,null,3668.25
1547622148,3668.0,3592.21,null,null,3668.25
1547622154,3668.0,3592.21,null,null,3668.25
1547622160,3668.0,3592.21,null,null,3668.25
1547622165,3668.0,3592.21,null,null,3668.25
1547622171,3668.0,3592.21,null,null,3668.25
1547622177,3668.2,3592.21,null,null,3668.25
1547622183,3668.2,3592.21,null,null,3668.25
1547622189,3668.2,3592.21,null,null,3670.3
1547622194,3668.2,3592.21,null,null,3670.3
1547622200,3670.1,3592.21,null,null,3670.05
1547622208,3670.1,3592.21,null,null,3670.05
1547622215,3670.1,3592.21,null,null,3670.35
1547622220,3669.3,3592.21,null,null,3670.1
1547622226,3669.3,3592.21,null,null,3670.1
1547622232,3669.3,3592.21,null,null,3670.2
1547622237,3669.3,3592.21,null,null,3670.2
1547622243,3669.3,3592.21,null,null,3669.75
1547622249,3669.3,3596.70,null,null,3669.75
1547622254,3669.3,3596.70,null,null,3670.7
1547622261,3669.3,3596.70,null,null,3670.9
1547622267,3669.3,3596.70,null,null,3670.9
1547622274,3669.3,3596.70,null,null,3671.15
1547622280,3669.3,3596.70,null,null,3671.15
1547622286,3669.3,3596.70,null,null,3671.05
1547622292,3669.3,3595.39,null,null,3671.25
1547622298,3669.3,3595.04,null,null,3671.25
1547622303,3671.2,3593.23,null,null,3671.25
1547622309,3671.2,3593.69,null,null,3671.25
1547622315,3671.2,3593.13,null,null,3671.25
1547622321,3671.2,3593.13,null,null,3671.25
1547622326,3671.2,3593.13,null,null,3671.25
1547622332,3671.3,3593.13,null,null,3671.25
1547622338,3671.3,3593.13,null,null,3671.25
1547622344,3671.3,3593.13,null,null,3671.7
1547622350,3671.3,3593.13,null,null,3671.7
1547622356,3671.3,3593.00,null,null,3671.7
1547622361,3670.66919212,3593.00,null,null,3671.25
1547622367,3670.66919212,3591.35,null,null,3670.6
1547622373,3670.0,3591.35,null,null,3670.6
1547622380,3670.0,3591.35,null,null,3670.45
1547622386,3670.0,3591.35,null,null,3671.2
1547622392,3670.0,3591.35,null,null,3671.2
1547622399,3670.0,3591.35,null,null,3671.25
1547622405,3670.0,3591.35,null,null,3671.25
1547622411,3671.23918951,3591.35,null,null,3671.25
1547622416,3671.23918951,3591.35,null,null,3671.3
1547622422,3671.3,3591.39,null,null,3671.3
1547622428,3671.3,3591.35,null,null,3671.35
1547622434,3671.3,3592.76,null,null,3671.35
1547622440,3671.3,3592.76,null,null,3671.35
1547622446,3671.3,3592.76,null,null,3671.35
1547622452,3671.3,3593.00,null,null,3671.35
1547622458,3671.3,3591.27,null,null,3671.35
1547622464,3671.3,3591.27,null,null,3671.35
1547622470,3671.3,3591.27,null,null,3671.35
1547622476,3671.3,3591.27,null,null,3671.35
1547622482,3671.3,3593.00,null,null,3671.35
1547622488,3671.3,3593.00,null,null,3671.35
1547622494,3671.3,3593.00,null,null,3671.35
1547622499,3671.3,3593.00,null,null,3671.35
1547622505,3671.3,3593.00,null,null,3671.35
1547622511,3671.3,3593.00,null,null,3671.35
1547622517,3671.3,3593.00,null,null,3671.35
1547622523,3671.3,3593.00,null,null,3671.35
1547622529,3671.3,3593.56,null,null,3671.35
1547622534,3671.3,3593.56,null,null,3671.35
1547622540,3671.3,3594.68,null,null,3671.35
1547622546,3671.3,3594.68,null,null,3671.35
1547622553,3671.4,3594.65,null,null,3671.35
1547622558,3671.4,3594.65,null,null,3671.35
1547622564,3671.4,3594.65,null,null,3671.35
1547622570,3671.4,3594.65,null,null,3671.35
1547622576,3671.4,3594.65,null,null,3671.35
1547622581,3671.4,3594.66,null,null,3671.35
1547622587,3671.3,3593.29,null,null,3671.35
1547622593,3671.3,3593.29,null,null,3671.35
1547622599,3671.3,3593.29,null,null,3671.35
1547622605,3671.3,3593.29,null,null,3671.35
1547622610,3671.3,3593.29,null,null,3671.35
1547622616,3671.4,3593.29,null,null,3671.35
1547622622,3671.4,3592.06,null,null,3671.35
1547622628,3671.4,3592.06,null,null,3671.35
1547622634,3671.4,3592.06,null,null,3671.35
1547622639,3671.4,3592.06,null,null,3671.35
1547622645,3671.4,3592.06,null,null,3671.35
1547622651,3671.4,3592.06,null,null,3671.35
1547622657,3671.4,3592.06,null,null,3671.35
1547622663,3671.4,3593.27,null,null,3671.35
1547622668,3671.4,3593.27,null,null,3671.35
1547622674,3671.4,3593.27,null,null,3671.35
1547622680,3671.4,3593.27,null,null,3671.35
1547622686,3671.4,3593.27,null,null,3671.35
1547622692,3671.4,3593.27,null,null,3671.35
1547622698,3671.4,3593.27,null,null,3671.35
1547622704,3670.0,3593.27,null,null,3671.35
1547622709,3670.0,3593.27,null,null,3670.15
1547622715,3670.0,3593.27,null,null,3670.15
1547622721,3670.0,3593.27,null,null,3670.15
1547622727,3670.1,3593.27,null,null,3670.15
1547622734,3670.1,3593.97,null,null,3670.15
1547622739,3670.1,3593.97,null,null,3670.15
1547622745,3670.1,3593.97,null,null,3670.15
1547622751,3670.1,3593.97,null,null,3670.15
1547622757,3670.1,3593.97,null,null,3670.15
1547622763,3670.1,3593.97,null,null,3670.15
1547622768,3670.1,3593.97,null,null,3670.15
1547622774,3670.1,3593.97,null,null,3670.15
1547622780,3670.1,3593.97,null,null,3670.15
1547622786,3670.1,3595.16,null,null,3670.15
1547622791,3670.1,3595.16,null,null,3670.15
1547622797,3670.1,3595.16,null,null,3670.15
1547622803,3670.1,3595.16,null,null,3670.15
1547622809,3670.1,3591.87,null,null,3670.15
1547622815,3670.1,3591.87,null,null,3670.15
1547622821,3670.1,3591.87,null,null,3670.15
1547622826,3670.1,3591.87,null,null,3670.15
1547622832,3670.1,3591.87,null,null,3670.15
1547622840,3670.1,3591.87,null,null,3670.15
1547622846,3670.1,3591.87,null,null,3670.15
1547622852,3668.1,3591.87,null,null,3668.5
1547622858,3668.1,3591.87,null,null,3668.5
1547622864,3668.1,3591.87,null,null,3668.85
1547622870,3668.1,3591.87,null,null,3668.85
1547622876,3668.9,3591.87,null,null,3668.85
1547622882,3668.9,3591.87,null,null,3668.85
1547622887,3668.9,3591.87,null,null,3668.85
1547622894,3668.9,3591.87,null,null,3668.85
1547622900,3668.9,3591.87,null,null,3668.85
1547622906,3668.9,3591.27,null,null,3668.85
1547622912,3668.8,3591.27,null,null,3668.85
1547622918,3668.8,3591.27,null,null,3668.85
1547622923,3668.8,3591.27,null,null,3668.85
1547622929,3668.8,3591.27,null,null,3668.85
1547622935,3668.8,3591.27,null,null,3668.85
1547622941,3668.8,3591.27,null,null,3668.85
1547622947,3668.8,3591.87,null,null,3668.85
1547622953,3668.8,3591.87,null,null,3668.85
1547622959,3668.8,3590.93,null,null,3668.85
1547622964,3668.8,3590.93,null,null,3668.85
1547622970,3668.8,3590.93,null,null,3668.85
1547622976,3668.8,3590.93,null,null,3668.85
1547622981,3668.8,3592.28,null,null,3668.85
1547622988,3668.8,3592.28,null,null,3668.85
1547622993,3668.8,3592.28,null,null,3668.85
1547622999,3668.8,3592.28,null,null,3668.85
1547623005,3668.8,3592.28,null,null,3668.85
1547623011,3668.8,3592.68,null,null,3668.85
1547623016,3668.8,3592.68,null,null,3668.85
1547623022,3668.8,3592.68,null,null,3668.85
1547623028,3668.8,3595.87,null,null,3668.85
1547623034,3668.9,3595.87,null,null,3668.85
1547623040,3668.9,3595.87,null,null,3668.85
1547623045,3668.9,3595.87,null,null,3668.85
1547623052,3668.9,3595.87,null,null,3668.85
1547623058,3668.9,3595.02,null,null,3668.85
1547623063,3668.9,3595.02,null,null,3668.85
1547623069,3668.9,3595.02,null,null,3668.85
1547623075,3668.8413905,3595.02,null,null,3668.85
1547623081,3668.9,3595.02,null,null,3668.85
1547623086,3668.8413905,3595.02,null,null,3668.85
1547623092,3668.8413905,3595.02,null,null,3668.85
1547623098,3668.8413905,3595.02,null,null,3668.85
1547623104,3668.8413905,3595.02,null,null,3668.85
1547623110,3668.8,3595.02,null,null,3668.85
1547623115,3668.8,3595.02,null,null,3668.85
1547623121,3668.8,3595.02,null,null,3668.85
1547623127,3668.97369093,3595.01,null,null,3668.85
1547623132,3668.97369093,3593.78,null,null,3668.95
1547623138,3668.97369093,3593.78,null,null,3668.95
1547623144,3668.97369093,3593.78,null,null,3668.95
1547623150,3668.97369093,3593.78,null,null,3669.75
1547623156,3668.97369093,3593.78,null,null,3669.75
1547623162,3669.9,3593.78,null,null,3669.85
1547623167,3669.9,3595.82,null,null,3669.85
1547623173,3669.9,3595.82,null,null,3669.85
1547623179,3669.9,3595.82,null,null,3669.85
1547623184,3669.9,3595.82,null,null,3669.85
1547623190,3669.9,3595.82,null,null,3669.85
1547623196,3669.9,3595.82,null,null,3669.85
1547623202,3669.9,3595.82,null,null,3669.85
1547623207,3669.9,3595.82,null,null,3669.85
1547623214,3669.9,3595.91,null,null,3669.85
1547623220,3669.9,3594.35,null,null,3669.85
1547623226,3669.9,3594.35,null,null,3669.85
1547623231,3669.9,3594.35,null,null,3669.85
1547623237,3669.9,3595.90,null,null,3669.85
1547623243,3669.9,3595.87,null,null,3669.85
1547623249,3669.9,3596.32,null,null,3669.85
1547623254,3669.9,3596.32,null,null,3669.85
1547623260,3669.9,3596.32,null,null,3669.85
1547623267,3669.9,3596.32,null,null,3669.85
1547623273,3669.9,3596.32,null,null,3669.85
1547623279,3669.9,3596.32,null,null,3669.85
1547623285,3669.9,3596.32,null,null,3669.85
1547623291,3669.9,3596.32,null,null,3669.85
1547623297,3669.9,3596.32,null,null,3669.85
1547623303,3669.84198466,3596.32,null,null,3669.85
1547623310,3669.84198466,3593.78,null,null,3669.85
1547623316,3669.84198466,3593.78,null,null,3669.85
1547623322,3669.84198466,3593.78,null,null,3669.85
1547623328,3669.84198466,3593.78,null,null,3669.85
1547623334,3668.9,3593.78,null,null,3668.95
1547623339,3668.9,3591.83,null,null,3668.95
1547623345,3668.9,3591.83,null,null,3668.95
1547623352,3668.9,3591.83,null,null,3668.95
1547623358,3668.9,3591.83,null,null,3668.95
1547623364,3668.9,3591.83,null,null,3668.95
1547623370,3668.9,3594.44,null,null,3668.95
1547623376,3668.9,3593.78,null,null,3668.95
1547623383,3668.9,3595.19,null,null,3668.95
1547623389,3669.0,3595.19,null,null,3668.95
1547623394,3668.9,3593.96,null,null,3668.95
1547623400,3668.9,3593.96,null,null,3668.95
1547623406,3668.9,3593.96,null,null,3668.95
1547623412,3668.9,3595.18,null,null,3668.95
1547623418,3668.9,3593.33,null,null,3668.95
1547623424,3668.9,3592.65,null,null,3668.95
1547623430,3668.9,3590.37,null,null,3668.95
1547623438,3668.9,3588.31,null,null,3657.96
1547623443,3668.9,3585.37,null,null,3657.96
1547623449,3649.7,3585.13,null,null,3652.2
1547623455,3649.7,3585.13,null,null,3652.2
1547623461,3656.4,3587.97,null,null,3656.35
1547623466,3656.4,3587.97,null,null,3659.75
1547623473,3656.4,3588.50,null,null,3659.75
1547623479,3659.7,3588.50,null,null,3659.75
1547623484,3659.9,3588.50,null,null,3659.95
1547623490,3659.9,3588.50,null,null,3659.95
1547623496,3659.9,3588.50,null,null,3653.55
1547623502,3659.9,3586.20,null,null,3653.55
1547623507,3650.2,3586.18,null,null,3650.15
1547623513,3658.5,3586.18,null,null,3658.65
1547623521,3658.5,3586.18,null,null,3658.65
1547623527,3658.5,3586.18,null,null,3658.75
1547623533,3658.7,3586.18,null,null,3658.75
1547623538,3658.7,3587.65,null,null,3658.85
1547623544,3658.7,3585.87,null,null,3658.85
1547623550,3650.2,3583.62,null,null,3650.15
1547623556,3653.0,3583.62,null,null,3650.15
1547623562,3653.0,3583.62,null,null,3650.15
1547623568,3653.0,3583.62,null,null,3654.95
1547623574,3653.0,3583.62,null,null,3657.95
1547623580,3658.0,3583.62,null,null,3657.95
1547623586,3658.0,3583.62,null,null,3657.95
1547623592,3658.0,3583.62,null,null,3658.9
1547623597,3660.2,3584.56,null,null,3659.0
1547623604,3658.8,3586.37,null,null,3659.0
1547623609,3658.8,3586.37,null,null,3659.2
1547623615,3658.8,3586.37,null,null,3659.2
1547623622,3658.8,3583.21,null,null,3659.2
1547623627,3659.6,3583.20,null,null,3659.2
1547623633,3659.6,3583.20,null,null,3659.05
1547623640,3659.0,3582.84,null,null,3659.05
1547623646,3659.0,3582.84,null,null,3659.05
1547623651,3659.0,3582.84,null,null,3659.05
1547623657,3659.0,3582.84,null,null,3658.45
1547623663,3659.0,3585.55,null,null,3658.45
1547623670,3658.0,3585.55,null,null,3658.45
1547623675,3658.0,3585.55,null,null,3658.45
1547623682,3658.0,3585.55,null,null,3657.15
1547623688,3657.3,3585.55,null,null,3657.15
1547623694,3657.3,3585.55,null,null,3656.75
1547623699,3656.7,3585.55,null,null,3656.75
1547623706,3656.7,3585.55,null,null,3656.75
1547623711,3656.7,3585.55,null,null,3656.55
1547623717,3656.7,3585.55,null,null,3656.55
1547623723,3656.7,3585.55,null,null,3656.95
1547623729,3656.9,3587.62,null,null,3656.95
1547623734,3656.9,3587.62,null,null,3656.95
1547623740,3657.0,3587.62,null,null,3656.95
1547623746,3657.0,3586.90,null,null,3656.95
1547623752,3657.0,3586.90,null,null,3650.35
1547623757,3650.4,3586.90,null,null,3650.35
1547623763,3650.4,3586.57,null,null,3650.45
1547623769,3650.4,3586.57,null,null,3650.45
1547623774,3650.4,3586.57,null,null,3653.95
1547623780,3650.4,3586.57,null,null,3653.95
1547623786,3650.4,3586.57,null,null,3653.95
1547623792,3653.9909204,3586.57,null,null,3653.95
1547623797,3653.9909204,3586.57,null,null,3653.95
1547623803,3653.9909204,3586.26,null,null,3653.95
1547623809,3653.9909204,3586.26,null,null,3654.05
1547623815,3654.1,3586.00,null,null,3654.05
1547623820,3654.1,3586.00,null,null,3654.05
1547623826,3654.1,3586.00,null,null,3654.05
1547623832,3654.0,3586.00,null,null,3654.05
1547623838,3654.0,3586.00,null,null,3654.05
1547623844,3654.0,3586.00,null,null,3654.05
1547623849,3654.0,3586.00,null,null,3654.05
1547623855,3654.0,3588.55,null,null,3654.35
1547623862,3654.3,3588.55,null,null,3654.35
1547623867,3654.3,3588.83,null,null,3654.35
1547623873,3654.3,3587.24,null,null,3654.35
1547623880,3654.3,3587.24,null,null,3654.35
1547623887,3654.3,3587.24,null,null,3654.35
1547623893,3654.3,3587.24,null,null,3656.55
1547623898,3654.3,3587.24,null,null,3656.55
1547623904,3656.5,3587.24,null,null,3657.2
1547623910,3656.5,3585.28,null,null,3657.2
1547623916,3656.5,3585.28,null,null,3654.05
1547623922,3654.0,3581.96,null,null,3654.05
1547623928,3654.0,3582.92,null,null,3654.05
1547623934,3654.0,3583.43,null,null,3654.05
1547623939,3654.0,3583.43,null,null,3654.05
1547623945,3654.0,3583.43,null,null,3654.05
1547623951,3654.0,3584.60,null,null,3654.05
1547623958,3654.0,3585.60,null,null,3654.05
1547623965,3654.0,3585.60,null,null,3654.05
1547623970,3654.0,3585.60,null,null,3654.05
1547623976,3654.0,3582.21,null,null,3654.05
1547623982,3654.0,3582.21,null,null,3654.05
1547623988,3654.0,3582.21,null,null,3654.05
1547623993,3654.0,3582.21,null,null,3653.95
1547623999,3654.0,3582.21,null,null,3653.95
1547624005,3654.0,3582.21,null,null,3653.95
1547624012,3654.0,3583.88,null,null,3653.95
1547624017,3654.0,3584.93,null,null,3651.9
1547624023,3652.8,3584.93,null,null,3652.75
1547624029,3654.0,3584.93,null,null,3652.75
1547624035,3652.8,3584.93,null,null,3652.75
1547624041,3652.8,3584.93,null,null,3652.75
1547624047,3652.7362725,3584.93,null,null,3652.75
1547624054,3652.7362725,3584.93,null,null,3652.75
1547624060,3652.7362725,3586.05,null,null,3652.75
1547624065,3652.7362725,3586.05,null,null,3652.75
1547624071,3652.7362725,3585.73,null,null,3652.75
1547624077,3652.7362725,3585.73,null,null,3652.75
1547624083,3652.7362725,3580.20,null,null,3652.75
1547624089,3652.8,3581.65,null,null,3652.75
1547624095,3652.8,3581.65,null,null,3651.35
1547624101,3652.7,3581.65,null,null,3651.35
1547624107,3652.7,3581.65,null,null,3651.35
1547624113,3652.7,3581.65,null,null,3651.35
1547624119,3652.7,3580.78,null,null,3652.75
1547624124,3651.8,3579.71,null,null,3652.75
1547624130,3651.8,3579.70,null,null,3652.2
1547624136,3651.8,3579.70,null,null,3652.2
1547624142,3651.8,3579.70,null,null,3651.6
1547624148,3651.9,3579.89,null,null,3650.45
1547624154,3651.9,3579.89,null,null,3650.45
1547624161,3651.9,3581.83,null,null,3651.95
1547624167,3650.4,3581.83,null,null,3651.95
1547624172,3650.5,3581.83,null,null,3650.45
1547624179,3650.4,3581.09,null,null,3650.45
1547624185,3650.5,3581.09,null,null,3650.45
1547624191,3650.5,3579.78,null,null,3650.95
1547624197,3651.0,3579.78,null,null,3650.95
1547624203,3651.0,3579.78,null,null,3651.15
1547624208,3651.1,3579.78,null,null,3651.15
1547624214,3651.1,3579.78,null,null,3651.15
1547624220,3651.2,3579.78,null,null,3651.15
1547624226,3651.2,3579.78,null,null,3651.15
1547624231,3651.2,3579.78,null,null,3651.15
1547624237,3651.2,3580.37,null,null,3651.15
1547624243,3651.2,3580.37,null,null,3651.15
1547624249,3651.11065031,3580.37,null,null,3651.15
1547624255,3651.2,3580.37,null,null,3651.15
1547624261,3651.11065031,3579.06,null,null,3651.15
1547624267,3651.1394479,3579.06,null,null,3651.15
1547624272,3651.1394479,3579.06,null,null,3651.15
1547624278,3651.1394479,3579.06,null,null,3651.15
1547624284,3651.1394479,3579.06,null,null,3651.15
1547624289,3651.2,3579.01,null,null,3651.15
1547624295,3651.2,3579.01,null,null,3651.15
1547624301,3651.2,3579.01,null,null,3651.15
1547624307,3651.2,3577.67,null,null,3651.15
1547624313,3651.2,3577.67,null,null,3651.15
1547624319,3651.1394479,3576.95,null,null,3651.15
1547624325,3651.1394479,3576.95,null,null,3651.15
1547624331,3651.1394479,3576.95,null,null,3651.15
1547624337,3651.1394479,3576.15,null,null,3651.15
1547624342,3651.1394479,3578.90,null,null,3651.15
1547624348,3651.1394479,3578.90,null,null,3651.15
1547624355,3651.1394479,3578.90,null,null,3651.15
1547624361,3650.9,3579.24,null,null,3651.15
1547624366,3650.9,3579.24,null,null,3650.95
1547624372,3650.9,3580.08,null,null,3650.95
1547624378,3650.9,3580.08,null,null,3650.95
1547624384,3650.9,3580.08,null,null,3651.15
1547624389,3650.9,3579.81,null,null,3651.15
1547624395,3650.9,3579.81,null,null,3651.15
1547624401,3651.1,3579.81,null,null,3651.15
1547624408,3651.1,3578.03,null,null,3651.15
1547624414,3651.1,3578.01,null,null,3651.15
1547624420,3651.1,3578.01,null,null,3651.15
1547624426,3651.1,3578.01,null,null,3651.15
1547624431,3651.16438285,3578.01,null,null,3651.15
1547624437,3651.16438285,3578.01,null,null,3651.15
1547624443,3651.16438285,3578.01,null,null,3651.15
1547624449,3651.2,3578.01,null,null,3651.15
1547624454,3651.2,3579.24,null,null,3651.15
1547624460,3651.2,3579.24,null,null,3651.35
1547624466,3651.35679935,3579.24,null,null,3651.35
1547624472,3651.35679935,3579.24,null,null,3651.35
1547624478,3651.4,3579.24,null,null,3651.35
1547624484,3651.4,3579.24,null,null,3651.35
1547624490,3652.3,3576.87,null,null,3652.25
1547624496,3651.4,3576.87,null,null,3652.55
1547624501,3652.5,3576.14,null,null,3652.55
1547624507,3652.3,3576.14,null,null,3652.55
1547624513,3652.5,3576.14,null,null,3652.55
1547624519,3652.51371578,3576.14,null,null,3652.55
1547624525,3652.51371578,3576.14,null,null,3652.55
1547624530,3652.1,3579.47,null,null,3652.55
1547624536,3652.1,3579.45,null,null,3652.35
1547624542,3652.1,3580.15,null,null,3652.35
1547624548,3652.1,3582.29,null,null,3654.25
1547624554,3652.1,3582.29,null,null,3654.25
1547624559,3654.8,3582.29,null,null,3653.5
1547624566,3654.8,3582.29,null,null,3653.5
1547624572,3653.9,3582.19,null,null,3653.9
1547624578,3653.9,3581.19,null,null,3653.75
1547624584,3653.79917848,3581.19,null,null,3653.75
1547624589,3653.79917848,3581.19,null,null,3653.85
1547624595,3654.0,3582.87,null,null,3653.85
1547624601,3654.0,3584.92,null,null,3654.1
1547624606,3653.79917848,3583.56,null,null,3654.1
1547624613,3653.79917848,3583.56,null,null,3653.75
1547624618,3653.79917848,3584.77,null,null,3653.75
1547624624,3653.7,3583.91,null,null,3653.8
1547624630,3653.79917848,3583.91,null,null,3653.75
1547624636,3653.8,3583.91,null,null,3653.75
1547624642,3653.7,3583.91,null,null,3653.85
1547624648,3653.8,3582.94,null,null,3653.85
1547624654,3653.8,3582.94,null,null,3653.75
1547624660,3653.8,3582.94,null,null,3653.75
1547624666,3653.8,3582.94,null,null,3653.95
1547624672,3653.8,3582.94,null,null,3653.95
1547624677,3653.9,3585.53,null,null,3653.95
1547624683,3653.9,3585.53,null,null,3653.95
1547624689,3653.9,3585.53,null,null,3653.95
1547624694,3653.9,3585.53,null,null,3653.95
1547624700,3653.9,3582.00,null,null,3653.95
1547624706,3653.9,3582.00,null,null,3653.95
1547624712,3655.8,3581.11,null,null,3653.95
1547624718,3655.8,3579.69,null,null,3654.75
1547624723,3655.8,3579.69,null,null,3654.05
1547624729,3655.8,3579.69,null,null,3654.05
1547624736,3654.2,3579.69,null,null,3654.5
1547624742,3654.9,3579.69,null,null,3654.5
1547624748,3654.9,3579.69,null,null,3654.55
1547624753,3654.9,3579.69,null,null,3654.9
1547624759,3655.3,3579.69,null,null,3654.9
1547624765,3655.3,3582.30,null,null,3654.65
1547624771,3655.3,3582.30,null,null,3654.65
